{"ids": [517567264], "emo": [[0.3022504813, 0.0532144694, 0, 0.2439010738, 0, 0.0949983429, 0, 0, 0.0113738897, 0, 0.0161751323, 0.0163237094, 0, 0, 0, 0.1730605904, 0, 0.0887023109, 0, 0, 0]]}